{
	"beam_altitude_angles" : 
	[
		17.497,
		16.879999999999999,
		16.306000000000001,
		15.752000000000001,
		15.276,
		14.686,
		14.137,
		13.601000000000001,
		13.118,
		12.557,
		12.004,
		11.467000000000001,
		10.999000000000001,
		10.438000000000001,
		9.9079999999999995,
		9.3610000000000007,
		8.9019999999999992,
		8.3460000000000001,
		7.8079999999999998,
		7.2619999999999996,
		6.806,
		6.2560000000000002,
		5.7169999999999996,
		5.1799999999999997,
		4.7210000000000001,
		4.173,
		3.641,
		3.0910000000000002,
		2.637,
		2.0920000000000001,
		1.5629999999999999,
		1.0149999999999999,
		0.54500000000000004,
		0.014999999999999999,
		-0.53000000000000003,
		-1.0680000000000001,
		-1.5249999999999999,
		-2.0739999999999998,
		-2.52,
		-3.1659999999999999,
		-3.613,
		-4.1580000000000004,
		-4.6989999999999998,
		-5.2469999999999999,
		-5.7000000000000002,
		-6.2439999999999998,
		-6.7889999999999997,
		-7.351,
		-7.8019999999999996,
		-8.3439999999999994,
		-8.8829999999999991,
		-9.4459999999999997,
		-9.9049999999999994,
		-10.44,
		-10.987,
		-11.558999999999999,
		-12.026999999999999,
		-12.561,
		-13.119,
		-13.696,
		-14.177,
		-14.723000000000001,
		-15.288,
		-15.869
	],
	"beam_azimuth_angles" : 
	[
		3.133,
		0.93100000000000005,
		-1.2270000000000001,
		-3.363,
		3.0880000000000001,
		0.94199999999999995,
		-1.1950000000000001,
		-3.3250000000000002,
		3.0699999999999998,
		0.93300000000000005,
		-1.1739999999999999,
		-3.2850000000000001,
		3.0459999999999998,
		0.93400000000000005,
		-1.1659999999999999,
		-3.2549999999999999,
		3.0409999999999999,
		0.94399999999999995,
		-1.161,
		-3.2370000000000001,
		3.036,
		0.95899999999999996,
		-1.127,
		-3.2130000000000001,
		3.0430000000000001,
		0.96699999999999997,
		-1.1200000000000001,
		-3.1760000000000002,
		3.0539999999999998,
		0.98999999999999999,
		-1.095,
		-3.1659999999999999,
		3.0950000000000002,
		1.0109999999999999,
		-1.0680000000000001,
		-3.137,
		3.1190000000000002,
		1.0409999999999999,
		-1.0740000000000001,
		-3.1099999999999999,
		3.1539999999999999,
		1.056,
		-1.0069999999999999,
		-3.0920000000000001,
		3.1800000000000002,
		1.0920000000000001,
		-0.98699999999999999,
		-3.0790000000000002,
		3.2290000000000001,
		1.123,
		-0.96499999999999997,
		-3.0670000000000002,
		3.2650000000000001,
		1.157,
		-0.93500000000000005,
		-3.056,
		3.3159999999999998,
		1.204,
		-0.92000000000000004,
		-3.044,
		3.3849999999999998,
		1.2609999999999999,
		-0.88900000000000001,
		-3.0430000000000001
	],
	"lidar_mode" : "1024x10"
}
